id,name,dept
1,Alice,Engineering
2,Bob,Finance
3,Carol,HR
id,name,dept
1,Alice,Engineering
2,Bob,Finance
3,Carol,HR
id,name,dept
1,Alice,Engineering
2,Bob,Finance
3,Carol,HR
id,name,dept
1,Alice,Engineering
2,Bob,Finance
3,Carol,HR
id,name,dept
1,Alice,Engineering
2,Bob,Finance
3,Carol,HR
id,name,dept
1,Alice,Engineering
2,Bob,Finance
3,Carol,HR
id,name,dept
1,Alice,Engineering
2,Bob,Finance
3,Carol,HR
id,name,dept
1,Alice,Engineering
2,Bob,Finance
3,Carol,HR
id,name,dept
1,Alice,Engineering
2,Bob,Finance
3,Carol,HR
id,name,dept
1,Alice,Engineering
2,Bob,Finance
3,Carol,HR
